{
    "quiz": [
        {
            "question": "What is the primary function of a machine learning model?",
            "options": ["Storing data", "Making predictions", "Encrypting messages", "Compiling code"],
            "correct_answer": "Making predictions"
        },
        {
            "question": "Which algorithm is commonly used for classification tasks?",
            "options": ["K-Means Clustering", "Linear Regression", "Random Forest", "Apriori Algorithm"],
            "correct_answer": "Random Forest"
        },
        {
            "question": "What is overfitting in machine learning?",
            "options": [
                "When a model generalizes well",
                "When a model performs poorly on training data",
                "When a model learns noise instead of patterns",
                "When a model uses only supervised learning"
            ],
            "correct_answer": "When a model learns noise instead of patterns"
        },
        {
            "question": "Which library is widely used for deep learning?",
            "options": ["Pandas", "TensorFlow", "NumPy", "Scikit-learn"],
            "correct_answer": "TensorFlow"
        },
        {
            "question": "What is the purpose of a loss function in ML?",
            "options": [
                "To improve computation speed",
                "To calculate model accuracy",
                "To measure the difference between predicted and actual values",
                "To store model parameters"
            ],
            "correct_answer": "To measure the difference between predicted and actual values"
        }
    ]
}
